company,sblo_name,title,email,phone,website,naics,address,source
AAI CORPORATION,Mark Hitch,SBLO,,(410) 628-3459,,541710,"318 CLUBHOUSE RD HUNT VALLEY, MD. 210311",DOT Subcontracting Directory FY2025
ABACUS TECHNOLOGY,JANE CROSS,SBLO,,(301)215-7593,,541519,"5404 WISCONSIN AVENUE, SUITE 1100<br>CHEVY CHASE, MD. 20815",DOT Subcontracting Directory FY2025
ABHE & SVOBODA INC,James Svoboda,SBLO,,(952) 447-6025,,237310,"17066 REVERE WAY PRIOR LAKE, MN 55372",DOT Subcontracting Directory FY2025
"ACE ENGINEERING, INC.S",Eunice Lee,SBLO,,(210) 392-4600,,236220,"1880 WRIGHT AVE<br>LA VERNE, CA. 91750-58243",DOT Subcontracting Directory FY2025
"ADVERTISING COUNCIL, INC., THE",Jon Fish,SBLO,,(212) 984-1945,,541810,"815 2ND AVE FL 9<br>New York, NY 10017-4503",DOT Subcontracting Directory FY2025
AECOM TECHNICAL SERVICES,Ellen Mack,SBLO,,(210) 296-2004,,541330,"6800 PARK TEN BLVD,<br>SAN ANTONIO, TX. 78213",DOT Subcontracting Directory FY2025
ALION SCIENCE AND TECHNOLOGY CORPORATION,CLAIRESSE JACKSON,SBLO,,(703)259-5142,,541712,"1000 BURR RIDGE PKWY SUITE 202 BURR RIDGE, IL 60527",DOT Subcontracting Directory FY2025
AMEC ENVIRONMENT AND INFRASTRUCTURE CORPORATION,HOLLY HUTSON,SBLO,,(770)360-0624,,541330,"751 ARBOR WAY, SUITE 180 BLUE BELL, PA 19422",DOT Subcontracting Directory FY2025
AMERICAN ASSOCIATION OF STATE HIGHWAY AND TRANSPORTATION OFFICIALS,Jenet Adem,SBLO,,(202) 624-5816,,813910,"444 N CAPITOL ST NW STE 249 Washington, DC. 20001-1551",DOT Subcontracting Directory FY2025
"AMERICAN CIVIL CONSTRUCTORS, INC.",Grant Johns,SBLO,,(303)730.4534,,237310,"4901 S. WINDERMERE ST LITTLEJOHN, CO 80120",DOT Subcontracting Directory FY2025
"AMERICAN TRANSPORTATION RESEARCH INSTITUTE, INC.",Joy Miller,SBLO,,(703)838-1976,,541720,"950 N GLEBE RD STE 210 ARLINGTON, VA. 22203",DOT Subcontracting Directory FY2025
"APPLIED RESEARCH ASSOCIATES, INC.",Michael Lalla,SBLO,,(505) 881-8074,,541330,"430 SAN MATEO BLVD ND SUITE A220<br>ALBURQUERQUE, NM. 87110",DOT Subcontracting Directory FY2025
ARINC INCORPORATED,Thomas Baugher,SBLO,,(410) 266-2314,,541330,"2551 RIVA RD<br> ANNAPOLIS, MD. 21401",DOT Subcontracting Directory FY2025
ATKINS NORTH AMERICA,Audrey Mack,SBLO,,(305)514-3238,,541611,"4030 WEST BOY SCOUT BOULEVARD, SUITE 700<br>TAMPA, FL 33607",DOT Subcontracting Directory FY2025
"AUI, INC.",KATHRYN JORDAN,SBLO,,(505)242-4848,,237310,"7420 READING AVENUE SE ALBUQUERQUE, NEW MEXICO 87105",DOT Subcontracting Directory FY2025
"AYRES ASSOCIATES, INC.",ANTHONY ALVARADO,SBLO,,(970)797-3501,,541330,"3665 JOHN F KENNEDY PKWY BLDG 2-200 FORT COLLINS, COLORADO 80525",DOT Subcontracting Directory FY2025
"BAE SYSTEMS SAN FRANCISCO SHIP REPAIR, INC.",Hugh Vanderspek,SBLO,,(415)861-7447,,336611,"FOOT OF 20TH ST PIER 70<br>SAN FRANCISCO, CA. 94107",DOT Subcontracting Directory FY2025
BATTELLE MEMORIAL INSTITUTE,Warren K Weaver,SBLO,,(614) 424-4515,,541330,"505 KING AVENUE<br> COLUMBUS, OH. 43201",DOT Subcontracting Directory FY2025
"BMT DESIGNERS & PLANNERS, INC.",Charles Behrle,SBLO,,(703) 920-7070,,541330,"2120 WASHINGTON BLVD STE 200<br> ARLINGTON, VA. 22204-5708",DOT Subcontracting Directory FY2025
"BOEING COMPANY, THE",Felix Ngoussou,SBLO,,(206) 544-0466,,541690,"7755 E MARGINAL WAY S<br> SEATTLE, WA. 98108",DOT Subcontracting Directory FY2025
BOOZ ALLEN HAMILTON INCORPORATED,Ashley Burton,SBLO,,(703) 902-5891,,541990,"8283 GREENSBORO DRIVE MCLEAN, VA. 22102",DOT Subcontracting Directory FY2025
BURNS ENGINEERING INC,Tamara Nicholson,SBLO,,(215) 979-7700,,541611,"1835 MARKET ST STE 300 PHILADELPHIA, PA. 19103",DOT Subcontracting Directory FY2025
"CAMBRIDGE SYSTEMATICS, INC.",Allison Karoly,SBLO,,(617) 354-0167,,541990,"100 CAMBRIDGE PARK DRIVE<br> CAMBRIDGE, MA. 02140",DOT Subcontracting Directory FY2025
CARDNO TEC INC,Richard Evans,SBLO,,(434)295-4446,,541330,"2496 OLD IVY RD STE 300 CHARLOTTESVILLE, VA. 22903",DOT Subcontracting Directory FY2025
CARNEGIE MELON UNIVERSITY,ELIZABETH MILAVEC,SBLO,,(412)268-5904,,611310,"5000 FORBES AVE PITTSBURGH, PA 15213",DOT Subcontracting Directory FY2025
CB&i FEDERAL SERVICES LLC,REBECCA THOMPSON,SBLO,,(407)404-1505,,541611,"2370 TOWNE CENTER BLVD BATON ROUGE, LA 70806",DOT Subcontracting Directory FY2025
CDM FEDERAL PROGRAMS,Jeffrey Montera,SBLO,,(303) 383-2300,,237310,"3201 JERMANTOWN ROAD, FAIRFAX, VA. 22030",DOT Subcontracting Directory FY2025
CDM FEDERAL PROGRAMS CORPORATION,David A. Martin,SBLO,,(703) 968-0900,,541330,"ONE CAMBRIDGE CENTER 50 HAMPSHIRE ST<br> CAMBRIDGE, MA. 02139",DOT Subcontracting Directory FY2025
"CENTURY COMPANIES, INC.",John Twedt,SBLO,,(406)535.1282,,237310,"501 1ST AVE. N LEWISTOWN, MT. 59457",DOT Subcontracting Directory FY2025
"CH2M HILL, INC.",Willie Franklin,SBLO,,(720) 286-2274,,541611,"9191 S JAMAICA ST ENGLEWOOD, CO. 80112",DOT Subcontracting Directory FY2025
"CHARLES BLALOCK & SONS, INC.",Allen Blalock,SBLO,,(865) 453-2809,,237310,"409 HENDERSON RD SEVIERVILLE, TN. 37862",DOT Subcontracting Directory FY2025
"CHERRY HILL CONSTRUCTION, INC.",Kevin J. Woods,SBLO,,(914) 739-1908,,237310,"8211 WASHINGTON BLVD<br> JESSUP, MD. 20794-9466",DOT Subcontracting Directory FY2025
COMPUTER SCIENCES CORPORATION,Teena Sirohi,SBLO,,(703) 818-4915,,541690,"15000 Conference Center Drive Chantilly, VA 20151",DOT Subcontracting Directory FY2025
"CORMAN-WAGMAN, A JOINT VENTURE","Arthur Cox, III",SBLO,,(301)953-0900,,237310,"12001 GUILFORD RD<br>ANNAPOLIS JUNCTION, MD. 20701",DOT Subcontracting Directory FY2025
"CUBRC, INC.",TRACEY GERTZ,SBLO,,(716) 204.5111,,541712,"4455 GENESEE STREET SUITE 106 BUFFALO, NY 14225",DOT Subcontracting Directory FY2025
DANIEL J EDELMAN INC,Gene Koch,SBLO,,(212) 704-4560,,541820,"200 E RANDOLPH ST FL 63 CHICAGO, IL. 60601",DOT Subcontracting Directory FY2025
"DAVID EVANS AND ASSOCIATES, INC.",Ted Williams,SBLO,,(503) 499-0394,,541611,"2100 SW RIVER PKWY<br> PORTLAND, OR 97201",DOT Subcontracting Directory FY2025
"DELOITTE FINANCIAL ADVISORY SERVICES, LLP",Kimberly Gibson,SBLO,,(571) 858-0176,,541611,"555 12TH STREET NW SUITE 500 WASHINGTON, DC 20004",DOT Subcontracting Directory FY2025
"DELON HAMPTON & ASSOCIATES, CHARTERED INC.",Loretta Morris,SBLO,,(202) 898-1999,,541611,"900 7TH ST NW STE 800 WASHINGTON, DC. 20001",DOT Subcontracting Directory FY2025
"EA ENGINEERING, SCIENCE, AND TECHNOLOGY, INC.",IAN MACFARLANE,SBLO,,(410)584.7000,,541690,"225 SCHILLING CIRCLE HUNT VALLEY, MD. 21031",DOT Subcontracting Directory FY2025
"EDAG, INC.",Rainer Bauer,SBLO,,(248) 588-3134,,541330,"275 REX BLVD<br>AUBURN HILLS, MI 48326",DOT Subcontracting Directory FY2025
EIC ASSOCIATES,Leo Pflug,SBLO,,(973)315-0208,,237310,"140 MOUNTAIN AVE STE 303 SPRINGFIELD, NJ 07081",DOT Subcontracting Directory FY2025
ENGILITY CORP.,Jeannine Guilbault,SBLO,,(978) 671-1145,,541690,"300 CONCORD RD STE 400 BILLERICA, MA. 01821",DOT Subcontracting Directory FY2025
"ENSCO, INC.",Kimberly Auandee,SBLO,,(703) 321-4478,,541330,"3110 FAIRVIEW PARK DR STE 300<br> FALLS CHURCH, VA. 22042 - 4536",DOT Subcontracting Directory FY2025
"FANN CONTRACTING, INC.",Linda Obrien,SBLO,,(928) 778-0170,,237310,"1403 INDUSTRIAL WAY<br> PRESCOTT, AZ. 86301 - 6504",DOT Subcontracting Directory FY2025
FLIGHTSAFETY INTERNATIONAL INC.,John Marino,SBLO,,(202) 661-4700,,611512,"MARINE AIR TERMINAL LA GUARDIA AIRPORT<br> FLUSING, NY. 11371",DOT Subcontracting Directory FY2025
"FUGRO CONSULTANTS, LP",Emily Farquhar,SBLO,,(713) 369-6100,,541330,"6100 HILLCROFT TECH BLDG HOUSTON, TX. 77081",DOT Subcontracting Directory FY2025
GANNETT FLEMING INC,Kate Berrigan,SBLO,,(703) 277-9505,,541611,"207 SENATE AVE<br> CAMP HILL, PA. 17011",DOT Subcontracting Directory FY2025
GENERAL ELECTRIC COMPANY,Elizabeth Hulihan,SBLO,,(518)387-7940,,541712,"1 RESEARCH CIR NISKAYUNA,NY 12309",DOT Subcontracting Directory FY2025
GEOCONCEPTS ENGINEERING,ELIZABETH VESPER,SBLO,,(703)726-8030,,541330,"19955 HIGHLAND VISTA DR SUITE 170 ASHBURN, VA. 20147",DOT Subcontracting Directory FY2025
GEORGE MASON UNIVERSITY,Mike Laskofski,SBLO,,(703)993-2295,,541712,"4400 UNIVERSITY DR FAIRFAX, VA. 22030",DOT Subcontracting Directory FY2025
GRANITE CONSTRUCTION COMPANY,Jerry Neufeld,SBLO,,(469)635-6023,,237310,"585 W BEACH ST WATSONVILLE, CA. 95076",DOT Subcontracting Directory FY2025
"HALCROW, INC.",Andri Iakovou,SBLO,,(281) 668-0200,,541611,"22 CORTLANDT ST FL 31<br> NEW YORK, NY. 10007",DOT Subcontracting Directory FY2025
"HDR ENGINEERING, INC.",Jackie Hacker,SBLO,,(913) 485-1345,,541330,"440 S. CHURCH STREET, CHARLOTTE, NC. 28202",DOT Subcontracting Directory FY2025
HILL INTERNATIONAL,Michael Griffin,SBLO,,(215) 309-7750,,541330,"30 SOUTH 15TH ST PHILADELPHIA, PA 19102",DOT Subcontracting Directory FY2025
HK CONTRACTORS,Steve Giles,SBLO,,(208)523-6600,,237310,"6350 S YELLOWSTONE HWY IDAHO FALLS, ID. 83402",DOT Subcontracting Directory FY2025
HNTB,Vincent Gallagher,SBLO,,(610) 290-5115,,541611,"2900 S. Quincy St., Suite 600; Arlington, VA 22206",DOT Subcontracting Directory FY2025
"HOHL INDUSTRIAL SERVICES, INC.",TOM Habdo,SBLO,,(716) 332-0466,,237990,"770 RIVERVIEW BLVD TONAWANDA, NY 14150",DOT Subcontracting Directory FY2025
HONEYWELL INTERNATIONAL INC,Michael Karmann,SBLO,,(410) 682-8244,,334511,"1985 DOUGLAS DR N<br> GOLDEN VALLEY, MN. 55422",DOT Subcontracting Directory FY2025
"HUGHES ASSOCIATES, INC.",Joseph L. Scheffey,SBLO,,(410) 737-8677,,541330,"3610 COMMERCE DR, STE 817<br> BALTIMORE, MD. 21227 - 1640",DOT Subcontracting Directory FY2025
ICF INC.,Michael Gray,SBLO,,(703)934-3527,,541611,"9300 LEE HIGHWAY FAIRFAX, VA. 22031",DOT Subcontracting Directory FY2025
"INSTITUTE OF TRANSPORTATION ENGINEERS, INC.",Edward R. Stollof,SBLO,,(202) 785-0060,,813920,"1627 EYE ST NW STE 600 WASHINGTON, DC 20006",DOT Subcontracting Directory FY2025
INTELLIGENT TRANSPORTATION SOCIETY OF AMERICA,Tom Kern,SBLO,,(202)484-4847,,541690,"1100 17TH ST NW SUITE 1200 WAASHINGTON, DC. 20036",DOT Subcontracting Directory FY2025
"INTERMOUNTAIN SLURRY SEAL, INC.",Jerry Neufeld,SBLO,,(469) 635-6023,,237310,"1000 NORTH WARM SPRINGS<br> SALT LAKE CITY, UT. 84116-2321",DOT Subcontracting Directory FY2025
IOWA STATE UNIVERSITY OF SCIENCE AND TECHNOLOGY,Tammy Polaski,SBLO,,(515) 294-5225,,611310,"1350 BEARDSHEAR HALL<br>AMES, IA 50011",DOT Subcontracting Directory FY2025
"ITERIS, INC.",Dan Gilliam,SBLO,,(949) 270-9606,,334290,"1700 CARNEGIE AVE STE 100<br> SANTA ANA, CA. 92705 - 5551",DOT Subcontracting Directory FY2025
JACOBS ENGINEERING GROUP INC.,Willie Franklin,SBLO,,(720) 286-2274,,541611,"1100 N GLEBE RD STE 500<br> ARLINGTON, VA. 22201",DOT Subcontracting Directory FY2025
"JOHNSON, MIRMIRAN & THOMPSON, INC.",Sally Philbin,SBLO,,(410) 329-3100,,541330,"72 LOVETON CIR<br> SPARKS , MD. 21152-9202",DOT Subcontracting Directory FY2025
KCI TECHNOLOGIES INCORPORATED,Deborah Boyd,SBLO,,(410) 316.7800,,541310,"10 N PARK DR<br> COCKEYSVILLE, MD. 21030",DOT Subcontracting Directory FY2025
KIEWIT INFRASTRUCTURE WEST CO,David Goldfried,SBLO,,(360) 693-1478,,237310,"2200 COLUMBIA HOUSE BLVD<br> VANCOUVER, WA. 98661 - 7753",DOT Subcontracting Directory FY2025
"KIMLEY-HORN AND ASSOCIATES, INC.",Dean Henigsman,SBLO,,(972) 770-1321,,541611,"3001 WESTON PKWY<br> CARY, NC. 27513",DOT Subcontracting Directory FY2025
KNIFE RIVER CORPORATION - NORTHWEST,Justin Tietz,SBLO,,(208)562-5038,,237310,"32260 OLD HIGHWAY 34 TANGENT, OR. 97389",DOT Subcontracting Directory FY2025
"KITTELSON & ASSOCIATES, INC.",Mark Vandehey,SBLO,,(503) 228-5230,,541990,"610 SW ALDER ST STE 700<br> PORTLAND, OR. 97205 - 3608",DOT Subcontracting Directory FY2025
KNIFE RIVER CORPORATION - NORTHWEST,LInda Rediger,SBLO,,(541) 918-5100,,237310,"32260 OLD HWY 34<br>TANGENT, OR. 97389",DOT Subcontracting Directory FY2025
LACY CONSTRUCTION COMPANY,Bill Lacy,SBLO,,(970)349-5010,,237310,"24474 HWY 135 CRESTTED BUTTE, CO. 81224",DOT Subcontracting Directory FY2025
LAS VEGAS PAVING CORPORATION,Darren Keser,SBLO,,(702) 251-5800,,237310,"4420 S DECATUR BLVD<br>LAS VEGAS, NV 89103",DOT Subcontracting Directory FY2025
LE GRAND JOHNSON CONSTRUCTION CO,Larry J. Jardine,SBLO,,(435) 787-6001,,237310,"1000 S MAIN ST<br> LOGAN, UT. 84341 - 0248",DOT Subcontracting Directory FY2025
L.P.C. & D. INC,Pedro Feliciano,SBLO,,(787) 733-6121,,237310,"CARR 937 KM 3.0 BO BOQUERON<br> LAS PIEDRAS, PR. 00771 - 0000",DOT Subcontracting Directory FY2025
LOCKHEED MARTIN CORPORATION,Melissa Clymer,SBLO,,(720) 328-3465,,541690,"9221 Corporate Blvd<br> Rockville, MD. 20850 - 3248",DOT Subcontracting Directory FY2025
"THE LOUIS BERGER GROUP, INC.",James Bach,SBLO,,(973)407-1000,,541611,"412 MOUNT KEMBLE AVENUE MORRISTOWN, NJ. 79606",DOT Subcontracting Directory FY2025
"MACROSYS, LLC",VIncent Fang,SBLO,,(202)491-8075,,541611,"1901 N MOORE ST STE 509 ARLINGTON, VA. 22209",DOT Subcontracting Directory FY2025
"MCCARTHY BUILDING COMPANIES, INC.",Tom Kreher,SBLO,,(314) 919-2253,,237990,"1341 N ROCK HILL RD<br> SAINT LOUIS, MO. 63124 - 1441",DOT Subcontracting Directory FY2025
McKissack-Liro Joint Venture,Kimberly Hardy,SBLO,,(212)349-6500,,541611,"1001 Avenue of the Americas, 20th Floor, New York, NY 10018",DOT Subcontracting Directory FY2025
MICHAEL BAKER JR INCORPORATED,"Raymond A. Hartle, P.E",SBLO,,(412) 269-7905,,611430,"4301 DUTCH RIDGE ROAD<br> BEAVER, PA. 15009",DOT Subcontracting Directory FY2025
"MIDMOUNTAIN CONTRACTORS, INC.",Time Welborn,SBLO,,(425)202-3600,,237310,"825 5TH AVE<br>KIRKLAND, WA 98033",DOT Subcontracting Directory FY2025
MONTANA STATE UNIVERSITY,Leslei Schmidt,SBLO,,(406)994-2381,,541330,"307 MONTANA HALL<br>BOZEMAN, MT 59717",DOT Subcontracting Directory FY2025
NATIONAL ACADEMY OF SCIENCES,Joyce A. Tillman,SBLO,,(202) 334-1347,,541990,"2101 CONSTITUTION AVE NW WASHINGTON, D.C. 20410",DOT Subcontracting Directory FY2025
NAVTEQ CORPORATION,Clofford Allison,SBLO,,(703)217-9267,,541990,"425 W RANDOLPH ST<br>CHICAGO, IL 60606",DOT Subcontracting Directory FY2025
"NEEL-SCHAFFER, INC.",Mark G. Bailey,SBLO,,(601) 948-3071,,541330,"125 S CONGRESS ST STE 1100, JACKSON, MS 39225-2625",DOT Subcontracting Directory FY2025
"NOBLIS, INC.",Darlene Edwards,SBLO,,(703) 610-2120,,541990,"3150 FAIRVIEW PARK DR<br> FALLS CHURCH, VA. 22042",DOT Subcontracting Directory FY2025
"OFFICE DEPOT, INC.",Robert Embrey,SBLO,,(800) 890-4914,,453210,"6304 WOODSIDE CT STE 1 COLUMBIA, MD. 21046",DOT Subcontracting Directory FY2025
"OFTEDAL CONSTRUCTION, INC.",Jeffrey McDonald,SBLO,,(307)232-2303,,237310,"434 MT 59 N MILES CITY, MT 59301",DOT Subcontracting Directory FY2025
PARSONS BRINCKERHOFF INC,Kenneth Taura,SBLO,,(703)742-5818,,541330,"465 SPRINGPARK PLACE HERNDON, VA. 20170",DOT Subcontracting Directory FY2025
"PB AMERICAS, INC.","Michelle K,. Ennis",SBLO,,(410) 246-0536,,541330,"75 ARLINGTON STREET 9TH FL BOSTON, MA. 02116",DOT Subcontracting Directory FY2025
PENNONI ASSOCIATES INC.,Jonathan C. Savage,SBLO,,(215) 222-3000,,541712,"3001 MARKET ST STE 200 FL 2<br>PHILADELPHIA, PA.<br>19104 - 2897",DOT Subcontracting Directory FY2025
"PENNSYLVANIA STATE UNIVERSITY, THE",Dr. John Hanold,SBLO,,(814) 865-1372,,541712,"201 OLD MAIN<br>UNIVERSITY PARK, PA.<br>16802 - 1505",DOT Subcontracting Directory FY2025
PERFORMTECH INC.,Emma M. Lopo-Sullivan,SBLO,,(703) 548-0320,,611430,"810 KING ST ALEXANDRIA, VA. 22314-3017",DOT Subcontracting Directory FY2025
PGH WONG ENGINEERING,Veronika Tan,SBLO,,(415) 566-0800,,541611,"182 2ND ST STE 500<br>SAN FRANCISCO, CA.<br>94105",DOT Subcontracting Directory FY2025
"PHILLIPS AND JORDAN, INCORPORATED",Patrick McMullen,SBLO,,(865) 688-8342,,237310,"6621 WILBANKS RD<br>KNOXVILLE, TN.<br>37912 - 1397",DOT Subcontracting Directory FY2025
PMA Consultants LLC,Bruce Stephan,SBLO,,(415) 813-5000,,541611,"455 Market Street, Suite 1270<br>San Francisco, CA 94105",DOT Subcontracting Directory FY2025
POST BUCKLEY SCHUH & JERNIGAN INC,Lourdes Fernandez,SBLO,,(305) 514-3279,,541611,"200 DANGERFIELD RD STE 201 ALEXANDRIA, VA. 22314",DOT Subcontracting Directory FY2025
"PROFESSIONAL SERVICE INDUSTRIES, INC.","Mohammad S. Khan, PhD, PE",SBLO,,(703) 234-5301,,541712,"1901 S MEYERS RD STE 400<br>OAKBROOK TERRACE, IL.<br>60181 - 5208",DOT Subcontracting Directory FY2025
"QINETIQ NORTH AMERICA, INC.",Judy Spiridigliozzi,SBLO,,(781) 684-4271,,541330,"7918 JONES BRANCH DRIVE<br> MCLEAN, VA. 22102 - 3337",DOT Subcontracting Directory FY2025
RAYTHEON COMPANY,Valerie King,SBLO,,(508) 490-2331,,541690,"1001 BOSTON POST RD E<br> MARLBOROUGH, MA. 01753",DOT Subcontracting Directory FY2025
REGENTS OF THE UNIVERSITY OF MICHIGAN,Kathryn Dewitt,SBLO,,(734)936-1288,,541720,"503 THOMPSON ST ANN ARBOR, MI 48109",DOT Subcontracting Directory FY2025
RESEARCH FOUNDATION OF THE CITY UNIVERSITY OF NEW YORK,Jarnee Bramlette,SBLO,,(212)417.8587,,541712,"106 CONVENT AVE NEW YORK, NY 10031.",DOT Subcontracting Directory FY2025
"RIVERSIDE CONTRACTING, INC.",Dwayne Rehbein,SBLO,,(406)721-9267,,237310,"5571 ALLOY SOUTH MISSOULA, MT 59808",DOT Subcontracting Directory FY2025
"ROAD & HIGHWAY BUILDERS, LLC.",Crystal Erickson,SBLO,,(775)852-7283,,237310,"96 GLEN CARRAN CIR STE 106 SPARKS, NV.89431",DOT Subcontracting Directory FY2025
ROBERT PECCIA AND ASSOCIATES INCORPORATED,Brian Wacker,SBLO,,(406) 447-5000,,541330,"825 W CUSTER AVE<br> HELENA, MN. 59602",DOT Subcontracting Directory FY2025
SAE INTERNATIONAL,David L Schutt,SBLO,,(724)776-4841,,541330,"400 COMMONWEALTH DRIVE WARRENDALE, PA. 15096",DOT Subcontracting Directory FY2025
SAFETY RESEARCH CORP OF AMERICA LLC,Susan Crump,SBLO,,(334) 598-8893,,611710,"807 DONNELL BLVD STE Q<br> DALEVILLE, AL. 36322",DOT Subcontracting Directory FY2025
SCIENCE APPLICATIONS INTERNATIONAL CORPORATION,Rochelle Lowe,SBLO,,(858) 826-7406,,541690,"10260 CAMPUS POINT DR<br> SAN DIEGO, CA. 92121",DOT Subcontracting Directory FY2025
"SGT, INC.",Marianne Dailey,SBLO,,(301) 489-1128,,541519,"7701 GREENBELT RDSTE 400 GREENBELT, MD. 20770",DOT Subcontracting Directory FY2025
"SHAW ENVIRONMENTAL & INFRASTRUCTURE, INC.",Edward Bark,SBLO,,(410) 612-6303,,541611,"228 STRAWBRIDGE DR MOORESTOWN, NJ. 08057",DOT Subcontracting Directory FY2025
"SHIRLEY CONTRACTING COMPANY, LLC.",Dan Clymore,SBLO,,(703) 550-8100,,237310,"8435 BACKLICK RD,<br>LORTON, VA. 22079",DOT Subcontracting Directory FY2025
SKANSKA USA CIVIL,George Cuckie,SBLO,,(970)565-8000,,237310,"22419 CR G<br>CORTEZ, CO. 81321",DOT Subcontracting Directory FY2025
"SLONE ASSOCIATES, INC.",William Slone,SBLO,,(229)244-6709,,237310,"835 GIL HARBIN INDUSTRIAL BLVD<br>VALDOSTA, GA 31601",DOT Subcontracting Directory FY2025
STANTEC CONSULTING INC.,Larry Hazzard,SBLO,,(818) 594-0040,,541611,"8211 S 48TH ST<br> PHOENIX, AR. 85044",DOT Subcontracting Directory FY2025
STV INCORPORATED,Margarita D. Gagliardi,SBLO,,(212) 614-3313,,541611,"225 PARK AVE S<br> NEW YORK, NY. 10003",DOT Subcontracting Directory FY2025
SYSTEMS RESEARCH AND APPLICATIONS CORPORATION,Mark D. Connel,SBLO,,(703) 322-4969,,541330,"4300 FAIR LAKES CT<br> FAIRFAX, VA. 22033",DOT Subcontracting Directory FY2025
"TAPANI UNDERGROUND, INC.",Cliff Hallock,SBLO,,(360) 989-5287,,541330,"1904 SE 6TH PL, BATTLE GROUND, WA. 98604",DOT Subcontracting Directory FY2025
TEXAS A&M TRANSPORTATION INSTITUTE,Mary Levien,SBLO,,(979)458-1679,,541712,"3135 TAMU COLLEGE STATION, TX. 77843",DOT Subcontracting Directory FY2025
THE TINKER COMPANY,Jeffrey Franks,SBLO,,(303)471.3309,,33612,"1835 DUEBER AVE SW CANTON, OH 44718",DOT Subcontracting Directory FY2025
"TOTE SERVICES, INC.",Mitch Walker,SBLO,,(856)770-5621,,541330,"302 HARPER DR STE 200 MOORESTOWN, NJ 80574",DOT Subcontracting Directory FY2025
TRANSYSTEMS CORPORATION,Tina Tam,SBLO,,(510)835-9889,,541330,"505 14TH STREET OAKLAND, CA. 94612",DOT Subcontracting Directory FY2025
"TUCCI & SONS, INC.",Denise Roach,SBLO,,(253) 922-6676,,237310,"4224 WALLER RD E, TACOMA, WA. 98443",DOT Subcontracting Directory FY2025
"URBAN ENGINEERS, INC.",Bernard Carolan,SBLO,,(215) 922-8080,,541611,"530 WALNUT ST 14TH FL PHILADELPHIA, PA. 19106",DOT Subcontracting Directory FY2025
URS GROUP,Lisa Dewes,SBLO,,(301) 820-3589,,541611,"12420 MILESTONE CENTER DRIVE, GERMANTOWN, MD. 20876",DOT Subcontracting Directory FY2025
"VANASSE HANGEN BRUSTLIN, INC.",Becky Bozadjian,SBLO,,(617) 924-1770,,541990,"101 WALNUT ST<br> WATERTOWN, MA. 02472",DOT Subcontracting Directory FY2025
VIGOR MARINE LLC,Greg Lind,SBLO,,(503)247-1556,,336611,"5555 N CHANNEL AVE BLDG 71 PORTLAND, OR. 97217",DOT Subcontracting Directory FY2025
WAGMAN INDUSTRIAL SERVICES,Todd E. Becker,SBLO,,(717) 764-8521,,237310,"3290 SUSQUEHANNA TRAIL<br> YORK, PA. 17406",DOT Subcontracting Directory FY2025
WASHINGTON CENTER FOR INTERNSHIPS AND ACADEMIC SEMINARS,Nick Catanzaro,SBLO,,(202)238-7995,,541611,"1333 16TH ST NW WASHINGTON, DC. 20037",DOT Subcontracting Directory FY2025
WASHINGTON STATE UNIVERSITY,Dan Nordquist,SBLO,,(509)335-9661,,541330,"240 FRENCH ADMINISTRATION BLDG PULLMAN, WA 99164",DOT Subcontracting Directory FY2025
