company,clean_name,sblo_name,email,search_query,vendor_registration_url,portal_type,notes
GANNETT FLEMING INC,GANNETT FLEMING,,,"""GANNETT FLEMING"" supplier portal vendor registration",,,
GE Power,GE Power,,,"""GE Power"" supplier portal vendor registration",,,
"General Atomics Aeronautical Systems, Inc.",General Atomics Aeronautical Systems,,,"""General Atomics Aeronautical Systems"" supplier portal vendor registration",,,
General Dynamics Information Technology,General Dynamics Information Technology,,,"""General Dynamics Information Technology"" supplier portal vendor registration",,,
GENERAL ELECTRIC COMPANY,GENERAL ELECTRIC COMPANY,,,"""GENERAL ELECTRIC COMPANY"" supplier portal vendor registration",,,
GEOCONCEPTS ENGINEERING,GEOCONCEPTS ENGINEERING,,,"""GEOCONCEPTS ENGINEERING"" supplier portal vendor registration",,,
GEORGE MASON UNIVERSITY,GEORGE MASON UNIVERSITY,,,"""GEORGE MASON UNIVERSITY"" supplier portal vendor registration",,,
Gilbane Building Company,Gilbane Building Company,,,"""Gilbane Building Company"" supplier portal vendor registration",,,
GRANITE CONSTRUCTION COMPANY,GRANITE CONSTRUCTION COMPANY,,,"""GRANITE CONSTRUCTION COMPANY"" supplier portal vendor registration",,,
"Grant Thornton, LLP",Grant Thornton,,,"""Grant Thornton"" supplier portal vendor registration",,,
"Grunley Construction Company, Inc.",Grunley Construction Company,,,"""Grunley Construction Company"" supplier portal vendor registration",,,
"HALCROW, INC.",HALCROW,,,"""HALCROW"" supplier portal vendor registration",,,
"HDR ENGINEERING, INC.",HDR ENGINEERING,,,"""HDR ENGINEERING"" supplier portal vendor registration",,,
HILL INTERNATIONAL,HILL INTERNATIONAL,,,"""HILL INTERNATIONAL"" supplier portal vendor registration",,,
HK CONTRACTORS,HK CONTRACTORS,,,"""HK CONTRACTORS"" supplier portal vendor registration",,,
HNTB,HNTB,,,"""HNTB"" supplier portal vendor registration",,,
"HOHL INDUSTRIAL SERVICES, INC.",HOHL INDUSTRIAL SERVICES,,,"""HOHL INDUSTRIAL SERVICES"" supplier portal vendor registration",,,
HONEYWELL INTERNATIONAL INC,HONEYWELL INTERNATIONAL,,,"""HONEYWELL INTERNATIONAL"" supplier portal vendor registration",,,
https://,https://,,,"""https://"" supplier portal vendor registration",,,
"HUGHES ASSOCIATES, INC.",HUGHES ASSOCIATES,,,"""HUGHES ASSOCIATES"" supplier portal vendor registration",,,
