company,search_query,priority
AAI CORPORATION,"""AAI"" supplier portal vendor registration",medium
AArete,"""AArete"" supplier portal vendor registration",high
ABACUS TECHNOLOGY,"""ABACUS TECHNOLOGY"" supplier portal vendor registration",medium
ABHE & SVOBODA INC,"""ABHE & SVOBODA"" supplier portal vendor registration",medium
ABS Group Consulting,"""ABS Group Consulting"" supplier portal vendor registration",high
"ACE ENGINEERING, INC.S","""ACE ENGINEERING, INC.S"" supplier portal vendor registration",medium
Acuity International,"""Acuity International"" supplier portal vendor registration",high
"ADVERTISING COUNCIL, INC., THE","""ADVERTISING COUNCIL, INC."" supplier portal vendor registration",medium
Akima Global Services,"""Akima Global Services"" supplier portal vendor registration",high
Amanda Bennett,"""Amanda Bennett"" supplier portal vendor registration",high
AMEC ENVIRONMENT AND INFRASTRUCTURE CORPORATION,"""AMEC ENVIRONMENT AND INFRASTRUCTURE"" supplier portal vendor registration",medium
AMERICAN ASSOCIATION OF STATE HIGHWAY AND TRANSPORTATION OFFICIALS,"""AMERICAN ASSOCIATION OF STATE HIGHWAY AND TRANSPORTATION OFFICIALS"" supplier portal vendor registration",medium
"AMERICAN CIVIL CONSTRUCTORS, INC.","""AMERICAN CIVIL CONSTRUCTORS"" supplier portal vendor registration",medium
"AMERICAN TRANSPORTATION RESEARCH INSTITUTE, INC.","""AMERICAN TRANSPORTATION RESEARCH INSTITUTE"" supplier portal vendor registration",medium
"APPLIED RESEARCH ASSOCIATES, INC.","""APPLIED RESEARCH ASSOCIATES"" supplier portal vendor registration",medium
APTIM,"""APTIM"" supplier portal vendor registration",high
Ariel Hooker,"""Ariel Hooker"" supplier portal vendor registration",high
ARINC INCORPORATED,"""ARINC INCORPORATED"" supplier portal vendor registration",medium
ATKINS NORTH AMERICA,"""ATKINS NORTH AMERICA"" supplier portal vendor registration",medium
"AUI, INC.","""AUI"" supplier portal vendor registration",medium
"AYRES ASSOCIATES, INC.","""AYRES ASSOCIATES"" supplier portal vendor registration",medium
BI Incorporated,"""BI Incorporated"" supplier portal vendor registration",high
"BMT DESIGNERS & PLANNERS, INC.","""BMT DESIGNERS & PLANNERS"" supplier portal vendor registration",medium
Bollinger Shipyards,"""Bollinger Shipyards"" supplier portal vendor registration",high
BURNS ENGINEERING INC,"""BURNS ENGINEERING"" supplier portal vendor registration",medium
"CAMBRIDGE SYSTEMATICS, INC.","""CAMBRIDGE SYSTEMATICS"" supplier portal vendor registration",medium
CARDNO TEC INC,"""CARDNO TEC"" supplier portal vendor registration",medium
CARNEGIE MELON UNIVERSITY,"""CARNEGIE MELON UNIVERSITY"" supplier portal vendor registration",medium
CDM FEDERAL PROGRAMS,"""CDM FEDERAL PROGRAMS"" supplier portal vendor registration",medium
CDM FEDERAL PROGRAMS CORPORATION,"""CDM FEDERAL PROGRAMS"" supplier portal vendor registration",medium
"CENTURY COMPANIES, INC.","""CENTURY COMPANIES"" supplier portal vendor registration",medium
CH2M Hill,"""CH2M Hill"" supplier portal vendor registration",high
"CH2M HILL, INC.","""CH2M HILL"" supplier portal vendor registration",medium
"CHARLES BLALOCK & SONS, INC.","""CHARLES BLALOCK & SONS"" supplier portal vendor registration",medium
"CHERRY HILL CONSTRUCTION, INC.","""CHERRY HILL CONSTRUCTION"" supplier portal vendor registration",medium
CleanHarbors,"""CleanHarbors"" supplier portal vendor registration",high
Composite Analysis Group,"""Composite Analysis Group"" supplier portal vendor registration",high
COMPUTER SCIENCES CORPORATION,"""COMPUTER SCIENCES"" supplier portal vendor registration",medium
Contract,"""Contract"" supplier portal vendor registration",high
CoreCivic,"""CoreCivic"" supplier portal vendor registration",high
"Covenant Aviation Security, LLC","""Covenant Aviation Security"" supplier portal vendor registration",high
"CUBRC, INC.","""CUBRC"" supplier portal vendor registration",medium
DANIEL J EDELMAN INC,"""DANIEL J EDELMAN"" supplier portal vendor registration",medium
"DAVID EVANS AND ASSOCIATES, INC.","""DAVID EVANS AND ASSOCIATES"" supplier portal vendor registration",medium
"DELON HAMPTON & ASSOCIATES, CHARTERED INC.","""DELON HAMPTON & ASSOCIATES, CHARTERED"" supplier portal vendor registration",medium
Deployed Resources,"""Deployed Resources"" supplier portal vendor registration",high
Dewberry,"""Dewberry"" supplier portal vendor registration",high
"EA ENGINEERING, SCIENCE, AND TECHNOLOGY, INC.","""EA ENGINEERING, SCIENCE, AND TECHNOLOGY"" supplier portal vendor registration",medium
"EDAG, INC.","""EDAG"" supplier portal vendor registration",medium
EIC ASSOCIATES,"""EIC ASSOCIATES"" supplier portal vendor registration",medium
ENGILITY CORP.,"""ENGILITY"" supplier portal vendor registration",medium
"ENSCO, INC.","""ENSCO"" supplier portal vendor registration",medium
Environmental Chemical Corporation (ECC),"""Environmental Chemical Corporation (ECC)"" supplier portal vendor registration",high
Ernst & Young LLP,"""Ernst & Young"" supplier portal vendor registration",high
"FANN CONTRACTING, INC.","""FANN CONTRACTING"" supplier portal vendor registration",medium
"FJC Security Services, Inc.","""FJC Security Services"" supplier portal vendor registration",high
FLIGHTSAFETY INTERNATIONAL INC.,"""FLIGHTSAFETY INTERNATIONAL"" supplier portal vendor registration",medium
"FUGRO CONSULTANTS, LP","""FUGRO CONSULTANTS"" supplier portal vendor registration",medium
G4S Secure Solutions (USA) Inc.,"""G4S Secure Solutions (USA)"" supplier portal vendor registration",high
GANNETT FLEMING INC,"""GANNETT FLEMING"" supplier portal vendor registration",medium
GE Power,"""GE Power"" supplier portal vendor registration",high
GEOCONCEPTS ENGINEERING,"""GEOCONCEPTS ENGINEERING"" supplier portal vendor registration",medium
GEORGE MASON UNIVERSITY,"""GEORGE MASON UNIVERSITY"" supplier portal vendor registration",medium
GRANITE CONSTRUCTION COMPANY,"""GRANITE CONSTRUCTION COMPANY"" supplier portal vendor registration",medium
"Grant Thornton, LLP","""Grant Thornton"" supplier portal vendor registration",high
"Grunley Construction Company, Inc.","""Grunley Construction Company"" supplier portal vendor registration",high
"HALCROW, INC.","""HALCROW"" supplier portal vendor registration",medium
"HDR ENGINEERING, INC.","""HDR ENGINEERING"" supplier portal vendor registration",medium
HILL INTERNATIONAL,"""HILL INTERNATIONAL"" supplier portal vendor registration",medium
HK CONTRACTORS,"""HK CONTRACTORS"" supplier portal vendor registration",medium
HNTB,"""HNTB"" supplier portal vendor registration",medium
"HOHL INDUSTRIAL SERVICES, INC.","""HOHL INDUSTRIAL SERVICES"" supplier portal vendor registration",medium
https://,"""https://"" supplier portal vendor registration",high
"HUGHES ASSOCIATES, INC.","""HUGHES ASSOCIATES"" supplier portal vendor registration",medium
ICF INC.,"""ICF"" supplier portal vendor registration",medium
ICF International,"""ICF International"" supplier portal vendor registration",high
In Search Of:,"""In Search Of:"" supplier portal vendor registration",high
Insitu,"""Insitu"" supplier portal vendor registration",high
"INSTITUTE OF TRANSPORTATION ENGINEERS, INC.","""INSTITUTE OF TRANSPORTATION ENGINEERS"" supplier portal vendor registration",medium
"INTERMOUNTAIN SLURRY SEAL, INC.","""INTERMOUNTAIN SLURRY SEAL"" supplier portal vendor registration",medium
"ITERIS, INC.","""ITERIS"" supplier portal vendor registration",medium
"JOHNSON, MIRMIRAN & THOMPSON, INC.","""JOHNSON, MIRMIRAN & THOMPSON"" supplier portal vendor registration",medium
KCI TECHNOLOGIES INCORPORATED,"""KCI TECHNOLOGIES INCORPORATED"" supplier portal vendor registration",medium
"KIMLEY-HORN AND ASSOCIATES, INC.","""KIMLEY-HORN AND ASSOCIATES"" supplier portal vendor registration",medium
"KITTELSON & ASSOCIATES, INC.","""KITTELSON & ASSOCIATES"" supplier portal vendor registration",medium
KNIFE RIVER CORPORATION - NORTHWEST,"""KNIFE RIVER CORPORATION - NORTHWEST"" supplier portal vendor registration",medium
KPMG,"""KPMG"" supplier portal vendor registration",high
L.P.C. & D. INC,"""L.P.C. & D."" supplier portal vendor registration",medium
LACY CONSTRUCTION COMPANY,"""LACY CONSTRUCTION COMPANY"" supplier portal vendor registration",medium
LAS VEGAS PAVING CORPORATION,"""LAS VEGAS PAVING"" supplier portal vendor registration",medium
Lavenia Kitchen,"""Lavenia Kitchen"" supplier portal vendor registration",high
LE GRAND JOHNSON CONSTRUCTION CO,"""LE GRAND JOHNSON CONSTRUCTION CO"" supplier portal vendor registration",medium
Leo A Daly,"""Leo A Daly"" supplier portal vendor registration",high
Loyal Source,"""Loyal Source"" supplier portal vendor registration",high
"M V M, Inc.","""M V M"" supplier portal vendor registration",high
"MACROSYS, LLC","""MACROSYS"" supplier portal vendor registration",medium
Manager/ SBLO Sikorksy,"""Manager/ SBLO Sikorksy"" supplier portal vendor registration",high
Maranda Sterling,"""Maranda Sterling"" supplier portal vendor registration",high
Maximus Federal,"""Maximus Federal"" supplier portal vendor registration",high
"MCCARTHY BUILDING COMPANIES, INC.","""MCCARTHY BUILDING COMPANIES"" supplier portal vendor registration",medium
McDean,"""McDean"" supplier portal vendor registration",high
MICHAEL BAKER JR INCORPORATED,"""MICHAEL BAKER JR INCORPORATED"" supplier portal vendor registration",medium
"Michael Baker Jr., Inc.","""Michael Baker Jr."" supplier portal vendor registration",high
"MIDMOUNTAIN CONTRACTORS, INC.","""MIDMOUNTAIN CONTRACTORS"" supplier portal vendor registration",medium
Monster Government Solutions LLC,"""Monster Government Solutions"" supplier portal vendor registration",high
MONTANA STATE UNIVERSITY,"""MONTANA STATE UNIVERSITY"" supplier portal vendor registration",medium
Mortenson,"""Mortenson"" supplier portal vendor registration",high
"Motorola Solutions, Inc.","""Motorola Solutions"" supplier portal vendor registration",high
NATIONAL ACADEMY OF SCIENCES,"""NATIONAL ACADEMY OF SCIENCES"" supplier portal vendor registration",medium
NAVTEQ CORPORATION,"""NAVTEQ"" supplier portal vendor registration",medium
"NEEL-SCHAFFER, INC.","""NEEL-SCHAFFER"" supplier portal vendor registration",medium
Neopost Inc.,"""Neopost"" supplier portal vendor registration",high
Noblis,"""Noblis"" supplier portal vendor registration",high
"NOBLIS, INC.","""NOBLIS"" supplier portal vendor registration",medium
Noresco LLC,"""Noresco"" supplier portal vendor registration",high
NTTData Federal,"""NTTData Federal"" supplier portal vendor registration",high
"OFFICE DEPOT, INC.","""OFFICE DEPOT"" supplier portal vendor registration",medium
Officer GEA,"""Officer GEA"" supplier portal vendor registration",high
"OFTEDAL CONSTRUCTION, INC.","""OFTEDAL CONSTRUCTION"" supplier portal vendor registration",medium
Paragon Systems,"""Paragon Systems"" supplier portal vendor registration",high
Pasquele DeSanto,"""Pasquele DeSanto"" supplier portal vendor registration",high
"PB AMERICAS, INC.","""PB AMERICAS"" supplier portal vendor registration",medium
PENNONI ASSOCIATES INC.,"""PENNONI ASSOCIATES"" supplier portal vendor registration",medium
"PENNSYLVANIA STATE UNIVERSITY, THE","""PENNSYLVANIA STATE UNIVERSITY"" supplier portal vendor registration",medium
PERFORMTECH INC.,"""PERFORMTECH"" supplier portal vendor registration",medium
PGH WONG ENGINEERING,"""PGH WONG ENGINEERING"" supplier portal vendor registration",medium
"PHILLIPS AND JORDAN, INCORPORATED","""PHILLIPS AND JORDAN, INCORPORATED"" supplier portal vendor registration",medium
PMA Consultants LLC,"""PMA Consultants"" supplier portal vendor registration",medium
POST BUCKLEY SCHUH & JERNIGAN INC,"""POST BUCKLEY SCHUH & JERNIGAN"" supplier portal vendor registration",medium
"PROFESSIONAL SERVICE INDUSTRIES, INC.","""PROFESSIONAL SERVICE INDUSTRIES"" supplier portal vendor registration",medium
"QINETIQ NORTH AMERICA, INC.","""QINETIQ NORTH AMERICA"" supplier portal vendor registration",medium
Rapiscan,"""Rapiscan"" supplier portal vendor registration",high
ReadyAmerica,"""ReadyAmerica"" supplier portal vendor registration",high
REGENTS OF THE UNIVERSITY OF MICHIGAN,"""REGENTS OF THE UNIVERSITY OF MICHIGAN"" supplier portal vendor registration",medium
RESEARCH FOUNDATION OF THE CITY UNIVERSITY OF NEW YORK,"""RESEARCH FOUNDATION OF THE CITY UNIVERSITY OF NEW YORK"" supplier portal vendor registration",medium
"RIVERSIDE CONTRACTING, INC.","""RIVERSIDE CONTRACTING"" supplier portal vendor registration",medium
"ROAD & HIGHWAY BUILDERS, LLC.","""ROAD & HIGHWAY BUILDERS"" supplier portal vendor registration",medium
ROBERT PECCIA AND ASSOCIATES INCORPORATED,"""ROBERT PECCIA AND ASSOCIATES INCORPORATED"" supplier portal vendor registration",medium
SAE INTERNATIONAL,"""SAE INTERNATIONAL"" supplier portal vendor registration",medium
SAFETY RESEARCH CORP OF AMERICA LLC,"""SAFETY RESEARCH CORP OF AMERICA"" supplier portal vendor registration",medium
Salient,"""Salient"" supplier portal vendor registration",high
"SGT, INC.","""SGT"" supplier portal vendor registration",medium
"SHAW ENVIRONMENTAL & INFRASTRUCTURE, INC.","""SHAW ENVIRONMENTAL & INFRASTRUCTURE"" supplier portal vendor registration",medium
"SHIRLEY CONTRACTING COMPANY, LLC.","""SHIRLEY CONTRACTING COMPANY"" supplier portal vendor registration",medium
"SLONE ASSOCIATES, INC.","""SLONE ASSOCIATES"" supplier portal vendor registration",medium
Small Business,"""Small Business"" supplier portal vendor registration",high
STV INCORPORATED,"""STV INCORPORATED"" supplier portal vendor registration",medium
Susan Turley,"""Susan Turley"" supplier portal vendor registration",high
"Systems, Inc BAE","""Systems, Inc BAE"" supplier portal vendor registration",high
"TAPANI UNDERGROUND, INC.","""TAPANI UNDERGROUND"" supplier portal vendor registration",medium
TEXAS A&M TRANSPORTATION INSTITUTE,"""TEXAS A&M TRANSPORTATION INSTITUTE"" supplier portal vendor registration",medium
THE GEO GROUP,"""GEO GROUP"" supplier portal vendor registration",high
The Haskell Company,"""Haskell Company"" supplier portal vendor registration",high
"THE LOUIS BERGER GROUP, INC.","""LOUIS BERGER GROUP"" supplier portal vendor registration",medium
The Rand Company,"""Rand Company"" supplier portal vendor registration",high
THE TINKER COMPANY,"""TINKER COMPANY"" supplier portal vendor registration",medium
"TOTE SERVICES, INC.","""TOTE SERVICES"" supplier portal vendor registration",medium
TRANSYSTEMS CORPORATION,"""TRANSYSTEMS"" supplier portal vendor registration",medium
Triple Canopy,"""Triple Canopy"" supplier portal vendor registration",high
"TUCCI & SONS, INC.","""TUCCI & SONS"" supplier portal vendor registration",medium
"URBAN ENGINEERS, INC.","""URBAN ENGINEERS"" supplier portal vendor registration",medium
URS GROUP,"""URS GROUP"" supplier portal vendor registration",medium
"VANASSE HANGEN BRUSTLIN, INC.","""VANASSE HANGEN BRUSTLIN"" supplier portal vendor registration",medium
VIGOR MARINE LLC,"""VIGOR MARINE"" supplier portal vendor registration",medium
Virginia Foley,"""Virginia Foley"" supplier portal vendor registration",high
WAGMAN INDUSTRIAL SERVICES,"""WAGMAN INDUSTRIAL SERVICES"" supplier portal vendor registration",medium
WASHINGTON CENTER FOR INTERNSHIPS AND ACADEMIC SEMINARS,"""WASHINGTON CENTER FOR INTERNSHIPS AND ACADEMIC SEMINARS"" supplier portal vendor registration",medium
WASHINGTON STATE UNIVERSITY,"""WASHINGTON STATE UNIVERSITY"" supplier portal vendor registration",medium
